Borrows.AddXX	accepted→rejected	[Read] x was moved out (D53)
Borrows.g	accepted→rejected	[D53] a borrow ends while its content is partly moved out (⊥)
Moves.GhostRead	accepted→rejected	[Read] n was moved out (D53)
Moves.J1	accepted→rejected	[Read] n was moved out (D53)
Moves.J1Run	accepted→rejected	unknown constant J1
Moves.DataSplit	accepted→rejected	[Read] n was moved out (D53)
ClosingOff.LamWriteInBlock	accepted→rejected	[Read] n0 was moved out (D53)
ClosingOff.ConvBlocks	accepted→rejected	[Read] q0.snd was moved out (D53)
ClosingOff.RowUnit	accepted→rejected	[D53] a borrow ends while its content is partly moved out (⊥)
ClosingOff.RowI	accepted→rejected	[D53] a borrow ends while its content is partly moved out (⊥)
ClosingOff.RowIInd	accepted→rejected	[D53] a borrow ends while its content is partly moved out (⊥)
ClosingOff.StuckResult	accepted→rejected	[D41] a type, an erased term, moves *x, a place that outlives it (an erased term may affect outer places only by passing them to an erased call)
ClosingOff.StuckResultUnit	accepted→rejected	[D41] a type, an erased term, moves *x, a place that outlives it (an erased term may affect outer places only by passing them to an erased call)
ClosingOff.StuckResultArgs	accepted→rejected	[D41] a type, an erased term, moves *x, a place that outlives it (an erased term may affect outer places only by passing them to an erased call)
ClosingOff.ComputedUnit	accepted→rejected	[D41] a type, an erased term, moves *x, a place that outlives it (an erased term may affect outer places only by passing them to an erased call)
ClosingOff.NeutralKeptZ	accepted→rejected	[D41] a type, an erased term, moves *x, a place that outlives it (an erased term may affect outer places only by passing them to an erased call)
ClosingOff.Lt	accepted→rejected	[D41] an erased term moves a, a place that outlives it (an erased term may affect outer places only by passing them to an erased call)
ClosingOff.LeDec	accepted→rejected	unknown constant Lt
ClosingOff.UseDec	accepted→rejected	unknown constant LeDec
Equality.Transport	accepted→rejected	[D41] J's endpoint, an erased term, moves a, a place that outlives it (an erased term may affect outer places only by passing them to an erased call)
Equality.SymmUnreachable	accepted→rejected	[D41] J's endpoint, an erased term, moves n1, a place that outlives it (an erased term may affect outer places only by passing them to an erased call)
Equality.CastRefl	accepted→rejected	[D41] J's endpoint, an erased term, moves n, a place that outlives it (an erased term may affect outer places only by passing them to an erased call)
Equality.JF	accepted→rejected	[D41] J's endpoint, an erased term, moves a, a place that outlives it (an erased term may affect outer places only by passing them to an erased call)
Owners.IdOrder	accepted→rejected	[D53] a borrow ends while its content is partly moved out (⊥)
Owners.OrderAtZero	accepted→rejected	[D53] a borrow ends while its content is partly moved out (⊥)
Owners.IdOrderRead	accepted→rejected	[D53] a borrow ends while its content is partly moved out (⊥)
Owners.IdThroughRet	accepted→rejected	[D53] a borrow ends while its content is partly moved out (⊥)
Snapshots.Cap	accepted→rejected	[D53] a closure's body moves a captured value out (κ); a closure may run again: clone it
Snapshots.CapSnap	accepted→rejected	[D53] a closure's body moves a captured value out (κ); a closure may run again: clone it
Snapshots.CapMut	accepted→rejected	[D53] a closure's body moves a captured value out (κ); a closure may run again: clone it
Snapshots.CapSId	accepted→rejected	[D53] a closure's body moves a captured value out (κ); a closure may run again: clone it
Snapshots.PiCopy	accepted→rejected	[D53] a borrow ends while its content is partly moved out (⊥)
Snapshots.CapPi	accepted→rejected	[D53] a closure's body moves a captured value out (κ); a closure may run again: clone it
Snapshots.CapAfterBorrow	accepted→rejected	[D53] a closure's body moves a captured value out (κ); a closure may run again: clone it
Snapshots.CapOf	accepted→rejected	[D53] a closure's body moves a captured value out (κ); a closure may run again: clone it
Snapshots.UseCapOf	accepted→rejected	unknown constant CapOf
Recursion.AddZeroC	accepted→rejected	[D53] a closure's body moves a captured value out (κ); a closure may run again: clone it
RenormPi.Plain	accepted→rejected	[D41] a type, an erased term, moves n, a place that outlives it (an erased term may affect outer places only by passing them to an erased call)
RenormPi.InPi	accepted→rejected	[D53] a closure's body moves a captured value out (κ); a closure may run again: clone it
RenormPi.InConj	accepted→rejected	[D53] a closure's body moves a captured value out (κ); a closure may run again: clone it
Splitting.DoubleVal	accepted→rejected	[Read] n was moved out (D53)
ArmLocal.JoinS	accepted→rejected	[D41] a type, an erased term, moves n, a place that outlives it (an erased term may affect outer places only by passing them to an erased call)
ArmLocal.Leak	accepted→rejected	[D41] a type, an erased term, moves n, a place that outlives it (an erased term may affect outer places only by passing them to an erased call)
ArmLocalBoom.EmptyEq	accepted→rejected	[Read] s.c.x was moved out (D53)
Functions.TwiceMZero'	accepted→rejected	[Borrow] *x was moved out (borrowing ⊥)
Functions.CapEq	accepted→rejected	[D53] a closure's body moves a captured value out (κ); a closure may run again: clone it
Functions.RunI	accepted→rejected	[D41] an erased term moves f, a place that outlives it (an erased term may affect outer places only by passing them to an erased call)
Functions.RunIGen	accepted→rejected	unknown constant RunI
Trees.SizeInsert	accepted→rejected	[D41] J's endpoint, an erased term, moves t.l, a place that outlives it (an erased term may affect outer places only by passing them to an erased call)
InPlaceTrees.SizeInsert	accepted→rejected	[D41] J's endpoint, an erased term, moves t.l, a place that outlives it (an erased term may affect outer places only by passing them to an erased call)
Propositions.GetZIs	accepted→rejected	[D53] a borrow ends while its content is partly moved out (⊥)
CurrentState.LeAdd	accepted→rejected	[Read] n was moved out (D53)
CurrentState.AddSub	accepted→rejected	unknown constant LeAdd
CurrentState.AddSubId	accepted→rejected	unknown constant AddSub
CurrentState.PostCopy	accepted→rejected	[Read] *x was moved out (D53)
CurrentState.AddSubIdReborrow	accepted→rejected	unknown constant AddSub
Erasure.TypeErased	accepted→rejected	[D53] a borrow ends while its content is partly moved out (⊥)
Erasure.LieP2	accepted→rejected	[D53] a borrow ends while its content is partly moved out (⊥)
ErasureBySyntax.LieL	accepted→rejected	[D53] a closure's body moves a captured value out (κ); a closure may run again: clone it
ErasureBySyntax.MkClosure	accepted→rejected	[D53] a closure's body moves a captured value out (κ); a closure may run again: clone it
ErasureBySyntax.Lie8	accepted→rejected	unknown constant MkClosure
FnBorrows.GHas	accepted→rejected	[D41] an erased term moves b, a place that outlives it (an erased term may affect outer places only by passing them to an erased call)
FnBorrows.GGetMut	accepted→rejected	unknown constant GHas
FnBorrows.RunGGetMut	accepted→rejected	unknown constant GGetMut
Abstraction.GetIs	accepted→rejected	[D53] a borrow ends while its content is partly moved out (⊥)
ArrayLemmas.JoinTakeDrop	accepted→rejected	[Read] s was moved out (D53)
ArrayLemmas.CountSet	accepted→rejected	[Read] s was moved out (D53)
ArrayLemmas.CountSwapHead	accepted→rejected	[Read] t was moved out (D53)
ArrayLemmas.CountSwap	accepted→rejected	unknown constant CountSwapHead
ArrayBench.B1Join	accepted→rejected	[Read] *s was moved out (D53)
ArrayBench.B1	accepted→rejected	[Read] *s was moved out (D53)
ArrayBench.SplitNoop	accepted→rejected	unknown constant JoinTakeDrop
ArrayBench.InsertRun	accepted→rejected	[D53] a borrow ends while its content is partly moved out (Cons(MkE(⊥, Succ(Succ(Succ(Succ(Succ(Succ(Succ(Succ(Succ(Succ(Succ(Succ(Succ(Succ(Succ(Succ(Succ(Succ(Succ(Succ(Succ(Succ(Succ(Succ(Succ(Succ(Succ(Succ(Succ(Succ
ArrayBench.InsertRunBucket	accepted→rejected	[D53] a borrow ends while its content is partly moved out (Cons(MkE(⊥, Succ(Succ(Succ(Succ(Succ(Succ(Succ(Succ(Succ(Succ(Succ(Succ(Succ(Succ(Succ(Succ(Succ(Succ(Succ(Succ(Succ(Succ(Succ(Succ(Succ(Succ(Succ(Succ(Succ(Succ
ArrayBench.ReadIsNth	accepted→rejected	[D53] a borrow ends while its content is partly moved out (⊥)
Quicksort.ScanPerm	accepted→rejected	[Borrow] *s was moved out (borrowing ⊥)
Quicksort.PartitionPerm	accepted→rejected	[Borrow] *s was moved out (borrowing ⊥)
Quicksort.RecursePerm	accepted→rejected	[Borrow] *s was moved out (borrowing ⊥)
Quicksort.QSPerm	accepted→rejected	[Borrow] *s was moved out (borrowing ⊥)
Quicksort.AllGeJoin	accepted→rejected	[D41] a type, an erased term, moves l, a place that outlives it (an erased term may affect outer places only by passing them to an erased call)
Quicksort.SortedJoin	accepted→rejected	[D41] a type, an erased term, moves l, a place that outlives it (an erased term may affect outer places only by passing them to an erased call)
Quicksort.AllLeOfCounts	accepted→rejected	[D53] a closure's body moves a captured value out (κ); a closure may run again: clone it
Quicksort.AllGeOfCounts	accepted→rejected	[D53] a closure's body moves a captured value out (κ); a closure may run again: clone it
Quicksort.AllLePerm	accepted→rejected	[D53] a closure's body moves a captured value out (κ); a closure may run again: clone it
Quicksort.AllGePerm	accepted→rejected	[D53] a closure's body moves a captured value out (κ); a closure may run again: clone it
Quicksort.RecurseSorted	accepted→rejected	[D41] a type, an erased term, moves *s, a place that outlives it (an erased term may affect outer places only by passing them to an erased call)
Quicksort.PartLe	accepted→rejected	[D41] an erased term moves v, a place that outlives it (an erased term may affect outer places only by passing them to an erased call)
Quicksort.PartLeft	accepted→rejected	unknown constant PartLe
Quicksort.PartPivot	accepted→rejected	unknown constant PartLe
Quicksort.PartRight	accepted→rejected	unknown constant PartLe
Quicksort.QSSorted	accepted→rejected	unknown constant PartLe
Quicksort.ContractRun1	accepted→rejected	unknown constant PartLe
Quicksort.ContractRun2	accepted→rejected	unknown constant PartLe
Quicksort.NthSwapB	accepted→rejected	[Read] c was moved out (D53)
Quicksort.NthSwapOther	accepted→rejected	[Read] c was moved out (D53)
Quicksort.AllLeTakeOf	accepted→rejected	[D53] a closure's body moves a captured value out (κ); a closure may run again: clone it
Quicksort.AllGeAllOf	accepted→rejected	[D53] a closure's body moves a captured value out (κ); a closure may run again: clone it
Quicksort.AllGeDropOf	accepted→rejected	[D53] a closure's body moves a captured value out (κ); a closure may run again: clone it
Quicksort.EndLeft	accepted→rejected	[D53] a closure's body moves a captured value out (κ); a closure may run again: clone it
Quicksort.EndRight	accepted→rejected	[D53] a closure's body moves a captured value out (κ); a closure may run again: clone it
Quicksort.StepJ0	accepted→rejected	[D53] a closure's body moves a captured value out (κ); a closure may run again: clone it
Quicksort.StepJ1	accepted→rejected	[D53] a closure's body moves a captured value out (κ); a closure may run again: clone it
Quicksort.StepJ2	accepted→rejected	[D53] a closure's body moves a captured value out (κ); a closure may run again: clone it
Quicksort.StepJ2F	accepted→rejected	[D53] a closure's body moves a captured value out (κ); a closure may run again: clone it
Quicksort.ScanLt	accepted→rejected	[D41] a type, an erased term, moves v, a place that outlives it (an erased term may affect outer places only by passing them to an erased call)
Quicksort.ScanPivot	accepted→rejected	[D53] a closure's body moves a captured value out (κ); a closure may run again: clone it
Quicksort.ScanLeft	accepted→rejected	[D53] a closure's body moves a captured value out (κ); a closure may run again: clone it
Quicksort.ScanRight	accepted→rejected	[D53] a closure's body moves a captured value out (κ); a closure may run again: clone it
Quicksort.Start1	accepted→rejected	[Read] v was moved out (D53)
Quicksort.Start2	accepted→rejected	[Read] v was moved out (D53)
Quicksort.PartLeProof	accepted→rejected	unknown constant PartLe
Quicksort.PartLeftProof	accepted→rejected	unknown constant PartLe
Quicksort.PartPivotProof	accepted→rejected	unknown constant PartLe
Quicksort.PartRightProof	accepted→rejected	unknown constant PartLe
Quicksort.QSSortedFull	accepted→rejected	[D41] a type, an erased term, moves *s, a place that outlives it (an erased term may affect outer places only by passing them to an erased call)
Quicksort.QSCorrect	accepted→rejected	[D41] a parameter of And, an erased term, moves *s, a place that outlives it (an erased term may affect outer places only by passing them to an erased call)
HashMap.BGetMut	accepted→rejected	[D41] a type, an erased term, moves *b, a place that outlives it (an erased term may affect outer places only by passing them to an erased call)
HashMap.GetMut	accepted→rejected	[D41] a type, an erased term, moves *hm, a place that outlives it (an erased term may affect outer places only by passing them to an erased call)
HashMap.RunOverwrite	accepted→rejected	[Borrow] m was moved out (borrowing ⊥)
HashMap.RunGetMut	accepted→rejected	unknown constant GetMut
HashMapLookup.BInsertFind	accepted→rejected	[D53] a borrow ends while its content is partly moved out (⊥)
HashMapLookup.BInsertFindOther	accepted→rejected	[D53] a borrow ends while its content is partly moved out (⊥)
HashMapLookup.SlotInsertFind	accepted→rejected	[D53] a borrow ends while its content is partly moved out (⊥)
HashMapLookup.SlotInsertFindOther	accepted→rejected	[D53] a borrow ends while its content is partly moved out (⊥)
HashMapLookup.InsertFind	accepted→rejected	[D53] a borrow ends while its content is partly moved out (⊥)
HashMapLookup.InsertFindOther	accepted→rejected	[D53] a borrow ends while its content is partly moved out (⊥)
HashMapLookup.BInsertAdded	accepted→rejected	[Borrow] *b was moved out (borrowing ⊥)
HashMapLookup.SlotInsertAdded	accepted→rejected	[Borrow] *s was moved out (borrowing ⊥)
HashMapLookup.BRemoveResult	accepted→rejected	[Borrow] *b was moved out (borrowing ⊥)
HashMapLookup.BRemoveFind	accepted→rejected	[D53] a borrow ends while its content is partly moved out (⊥)
HashMapLookup.BRemoveFindOther	accepted→rejected	[D53] a borrow ends while its content is partly moved out (⊥)
HashMapLookup.SlotRemoveResult	accepted→rejected	[Borrow] *s was moved out (borrowing ⊥)
HashMapLookup.SlotRemoveFind	accepted→rejected	[D53] a borrow ends while its content is partly moved out (⊥)
HashMapLookup.SlotRemoveFindOther	accepted→rejected	[D53] a borrow ends while its content is partly moved out (⊥)
HashMapLookup.RemoveResult	accepted→rejected	[Borrow] *hm was moved out (borrowing ⊥)
HashMapLookup.RemoveFind	accepted→rejected	[D41] a type, an erased term, moves *hm, a place that outlives it (an erased term may affect outer places only by passing them to an erased call)
HashMapLookup.RemoveFindOther	accepted→rejected	[D53] a borrow ends while its content is partly moved out (⊥)
HashMapLookup.BGetMutRead	accepted→rejected	[D41] a type, an erased term, moves *b, a place that outlives it (an erased term may affect outer places only by passing them to an erased call)
HashMapLookup.SlotGetMutRead	accepted→rejected	[D41] a type, an erased term, moves *s, a place that outlives it (an erased term may affect outer places only by passing them to an erased call)
HashMapLookup.GetMutRead	accepted→rejected	[D41] a type, an erased term, moves *hm, a place that outlives it (an erased term may affect outer places only by passing them to an erased call)
HashMapLookup.BGetMutIsInsert	accepted→rejected	[D41] a type, an erased term, moves *b, a place that outlives it (an erased term may affect outer places only by passing them to an erased call)
HashMapLookup.SlotGetMutIsInsert	accepted→rejected	[D41] a type, an erased term, moves *s, a place that outlives it (an erased term may affect outer places only by passing them to an erased call)
HashMapLookup.GetMutIsInsert	accepted→rejected	[D41] a type, an erased term, moves *hm, a place that outlives it (an erased term may affect outer places only by passing them to an erased call)
HashMapLookup.GetMutFind	accepted→rejected	[D41] a type, an erased term, moves *hm, a place that outlives it (an erased term may affect outer places only by passing them to an erased call)
HashMapLookup.GetMutFindOther	accepted→rejected	[D41] a type, an erased term, moves *hm, a place that outlives it (an erased term may affect outer places only by passing them to an erased call)
HashMapLookup.BGetFind	accepted→rejected	[D53] a borrow ends while its content is partly moved out (⊥)
HashMapLookup.SlotGetFind	accepted→rejected	[D53] a borrow ends while its content is partly moved out (⊥)
HashMapLookup.GetFind	accepted→rejected	[D53] a borrow ends while its content is partly moved out (⊥)
HashMapLookup.BContainsFind	accepted→rejected	[D53] a borrow ends while its content is partly moved out (⊥)
HashMapLookup.SlotContainsFind	accepted→rejected	[D53] a borrow ends while its content is partly moved out (⊥)
HashMapLookup.ContainsFind	accepted→rejected	[D53] a borrow ends while its content is partly moved out (⊥)
HashMapLookup.ClearFind	accepted→rejected	[D53] a borrow ends while its content is partly moved out (⊥)
HashMapLength.InsertLen	accepted→rejected	[D53] a borrow ends while its content is partly moved out (⊥)
HashMapLength.BInsertCount	accepted→rejected	[Read] *b was moved out (D53)
HashMapLength.SlotInsertCount	accepted→rejected	[Read] *s was moved out (D53)
HashMapLength.InsertCount	accepted→rejected	[D53] a borrow ends while its content is partly moved out (⊥)
HashMapLength.RemoveLen	accepted→rejected	[D53] a borrow ends while its content is partly moved out (⊥)
HashMapLength.BRemoveCount	accepted→rejected	[Borrow] *b was moved out (borrowing ⊥)
HashMapLength.SlotRemoveCount	accepted→rejected	[Borrow] *s was moved out (borrowing ⊥)
HashMapLength.RemoveCount	accepted→rejected	[D53] a borrow ends while its content is partly moved out (⊥)
HashMapLength.ClearCount	accepted→rejected	[D53] a borrow ends while its content is partly moved out (⊥)
HashMapLength.GetMutLen	accepted→rejected	[D41] a type, an erased term, moves *hm, a place that outlives it (an erased term may affect outer places only by passing them to an erased call)
HashMapResize.BInsertUnique	accepted→rejected	[D41] a type, an erased term, moves b, a place that outlives it (an erased term may affect outer places only by passing them to an erased call)
HashMapResize.SlotInsertUnique	accepted→rejected	[D41] a type, an erased term, moves s, a place that outlives it (an erased term may affect outer places only by passing them to an erased call)
HashMapResize.BRemoveUnique	accepted→rejected	[D41] a type, an erased term, moves b, a place that outlives it (an erased term may affect outer places only by passing them to an erased call)
HashMapResize.SlotRemoveUnique	accepted→rejected	[D41] a type, an erased term, moves s, a place that outlives it (an erased term may affect outer places only by passing them to an erased call)
HashMapResize.Placed	accepted→rejected	[D53] a closure's body moves a captured value out (κ); a closure may run again: clone it
HashMapResize.BInsertAbsent	accepted→rejected	[D41] a type, an erased term, moves b, a place that outlives it (an erased term may affect outer places only by passing them to an erased call)
HashMapResize.NowhereInsert	accepted→rejected	[D41] a type, an erased term, moves s, a place that outlives it (an erased term may affect outer places only by passing them to an erased call)
HashMapResize.OnlyInOther	accepted→rejected	[D41] a type, an erased term, moves s, a place that outlives it (an erased term may affect outer places only by passing them to an erased call)
HashMapResize.OnlyInSame	accepted→rejected	[D41] a type, an erased term, moves s, a place that outlives it (an erased term may affect outer places only by passing them to an erased call)
HashMapResize.SlotInsertPlaced	accepted→rejected	unknown constant Placed
HashMapResize.BRemoveAbsent	accepted→rejected	[D41] a type, an erased term, moves b, a place that outlives it (an erased term may affect outer places only by passing them to an erased call)
HashMapResize.NowhereRemove	accepted→rejected	[D41] a type, an erased term, moves s, a place that outlives it (an erased term may affect outer places only by passing them to an erased call)
HashMapResize.OnlyInRemove	accepted→rejected	[D41] a type, an erased term, moves s, a place that outlives it (an erased term may affect outer places only by passing them to an erased call)
HashMapResize.SlotRemovePlaced	accepted→rejected	unknown constant Placed
HashMapResize.Inv	accepted→rejected	unknown constant Placed
HashMapResize.NewInv	accepted→rejected	unknown constant Inv
HashMapResize.InsertInv	accepted→rejected	unknown constant Inv
HashMapResize.RemoveInv	accepted→rejected	unknown constant Inv
HashMapResize.ClearInv	accepted→rejected	unknown constant Inv
HashMapResize.GetMutInv	accepted→rejected	[D41] a type, an erased term, moves m, a place that outlives it (an erased term may affect outer places only by passing them to an erased call)
HashMapResize.MoveBucketInv	accepted→rejected	unknown constant Inv
HashMapResize.MoveSlotsInv	accepted→rejected	unknown constant Inv
HashMapResize.ResizeInv	accepted→rejected	unknown constant Inv
HashMapResize.MoveBucketFind	accepted→rejected	[Read] m was moved out (D53)
HashMapResize.MoveSlotsFind	accepted→rejected	unknown constant MoveBucketFind
HashMapResize.ResizeFind	accepted→rejected	unknown constant Inv
HashMapResize.FreshInsert	accepted→rejected	[D41] a type, an erased term, moves m, a place that outlives it (an erased term may affect outer places only by passing them to an erased call)
HashMapResize.MoveBucketLen	accepted→rejected	[Read] m was moved out (D53)
HashMapResize.FreshMove	accepted→rejected	[D41] a type, an erased term, moves m, a place that outlives it (an erased term may affect outer places only by passing them to an erased call)
HashMapResize.FreshSMove	accepted→rejected	[D41] a type, an erased term, moves m, a place that outlives it (an erased term may affect outer places only by passing them to an erased call)
HashMapResize.MoveSlotsLen	accepted→rejected	unknown constant MoveBucketLen
HashMapResize.HeadApart	accepted→rejected	[D53] a closure's body moves a captured value out (κ); a closure may run again: clone it
HashMapResize.AbsentFromOf	accepted→rejected	[D53] a closure's body moves a captured value out (κ); a closure may run again: clone it
HashMapResize.ApartOfGo	accepted→rejected	[D53] a closure's body moves a captured value out (κ); a closure may run again: clone it
HashMapResize.TailOnlyIn	accepted→rejected	[D41] a type, an erased term, moves b, a place that outlives it (an erased term may affect outer places only by passing them to an erased call)
HashMapResize.GUniqueOf	accepted→rejected	[D53] a closure's body moves a captured value out (κ); a closure may run again: clone it
HashMapResize.ResizeLen	accepted→rejected	unknown constant Inv
HashMapResize.InsertFindR	accepted→rejected	unknown constant Inv
HashMapResize.InsertFindOtherR	accepted→rejected	unknown constant Inv
HashMapResize.InsertInvR	accepted→rejected	unknown constant Inv
HashMapResize.InsertLenR	accepted→rejected	unknown constant Inv
HashMapResize.NotOver	accepted→rejected	[Read] m was moved out (D53)
HashMapResize.MoveBucketN	accepted→rejected	[Read] m was moved out (D53)
HashMapResize.MoveSlotsN	accepted→rejected	unknown constant MoveBucketN
HashMapResize.ResizeN	accepted→rejected	[Read] m was moved out (D53)
HashMapResize.InsertNotOver	accepted→rejected	unknown constant Inv
HashMapResize.NewNotOver	accepted→rejected	unknown constant NotOver
HashMapResize.RemoveNotOver	accepted→rejected	unknown constant NotOver
HashMapResize.GetMutNotOver	accepted→rejected	[D41] a type, an erased term, moves m, a place that outlives it (an erased term may affect outer places only by passing them to an erased call)
HashMapResize.ClearNotOver	accepted→rejected	unknown constant NotOver
DepVec.VGetMut	accepted→rejected	[D41] a type, an erased term, moves *v, a place that outlives it (an erased term may affect outer places only by passing them to an erased call)
DepVec.VSet	accepted→rejected	[D41] a type, an erased term, moves *v, a place that outlives it (an erased term may affect outer places only by passing them to an erased call)
DepVec.VGet	accepted→rejected	[D41] a type, an erased term, moves v, a place that outlives it (an erased term may affect outer places only by passing them to an erased call)
DepVec.SetRun	accepted→rejected	unknown constant VSet
DepVec.PushedLast	accepted→rejected	[Read] v was moved out (D53)
DepVec.PushedOld	accepted→rejected	[D41] a type, an erased term, moves v, a place that outlives it (an erased term may affect outer places only by passing them to an erased call)
DepVec.TInsert	accepted→rejected	[D41] a type, an erased term, moves *t, a place that outlives it (an erased term may affect outer places only by passing them to an erased call)
DepVec.ResizeRun	accepted→rejected	unknown constant TInsert
DepVec.ResizeRunCap	accepted→rejected	unknown constant TInsert
